{"cameraMode":{"drawMode":0,"name":"Shaded","section":"Shading Mode"},"sceneLighting":true,"audioPlay":false,"sceneViewState":{"m_AlwaysRefresh":false,"showFog":false,"showSkybox":true,"showFlares":true,"showImageEffects":false,"showParticleSystems":false,"showVisualEffectGraphs":true,"m_FxEnabled":true},"in2DMode":false,"pivot":{"x":563.4141235351563,"y":368.21197509765627,"z":26.02044677734375},"rotation":{"x":0.12716011703014375,"y":0.009182391688227654,"z":-0.0009875003015622497,"w":0.9919174909591675},"size":374.864501953125,"orthographic":false}